Timestamp,First Name,Last Name,Email,Phone,Skills,Source,Tech Stack,Help Type
"2026-04-03T16:20:00.000Z","John","Doe","john@test.com","1234567890","React","Google","nodejs-developer","recruiting"
"2026-04-03T16:21:00.000Z","Jane","Smith","jane@test.com","9876543210","Python","LinkedIn","python-developer","recruiting"
"2026-04-03T16:22:00.000Z","Mike","Johnson","mike@test.com","5551234567","Angular","Twitter","angular-developer","developer"
"2026-04-03T11:04:17.798Z","Test","User","test@example.com","1234567890","React","Google","node-js-developer","recruiting"
"2026-04-03T11:15:00.000Z","BST","Product","productsaas0@gmail.com","2324244424","","","Node Js Developer","recruiting"
"2026-04-03T11:18:17.122Z","Test","User","test@test.com","1234567890","","","",""
"2026-04-03T16:50:00.000Z","Latest","Entry","latest@test.com","9999999999","React","Google","node-js-developer","recruiting"
"2026-04-03T12:31:07.152Z","new data","here","krishna@123gmail.com","6767676767","","","flutter-developer","recruiting"
"2026-04-03T12:31:56.079Z","kkkk","bbbjj","krishna@gmail.com","8758787788","","","flutter-developer","recruiting""2026-04-03T12:34:57.592Z","new","new","krishna@123gmail.com","8989898989","","","flutter-developer","developer"
"2026-04-03T12:37:53.526Z","new","lcmc","krishna@123gmail.com","8787978969","","","flutter-developer","recruiting"
"2026-04-03T12:43:01.273Z","new","e c","krishna@123gamilc.om","7673876886","","","flutter-developer","recruiting"
"2026-04-03T12:44:20.552Z","rfi","jc","krishna@gmail.com","9077878787","","","flutter-developer","recruiting"
"2026-04-03T12:47:10.046Z","hb","bh","kri@gmail.com","7878787878","","","flutter-developer","recruiting"
"2026-04-03T12:48:54.296Z","h","h","kris@gmail.com","8787878787","","","wordpress","recruiting"
